title,price,rating,reviews,availability
$250 PlayStation Store Gift Card [Digital Code],,4.7 out of 5 stars,"251,044 ratings",Available now
PowerA USB Charging Cable for PlayStation 4,,4.7 out of 5 stars,"33,811 ratings",In Stock
"PS4 Controller Charger Dock Station with Charging Cable,1.8 Hour Fast-Charging PS4 Controller Charger Station for PlayStation 4 Remote, Replacement for PlayStation 4 Controller Charger",,4.7 out of 5 stars,"3,231 ratings",In Stock
Playstation 4 Slim 2TB SSD Console with Dualshock 4 Wireless Controller Bundle Enhanced with Fast Solid State Drive (Renewed),,Previous page of related Sponsored Products,,Not Available
"Playstation Sony 4, 500GB Slim System [CUH-2215AB01], Black, 3003347",,4.4 out of 5 stars,354 ratings,Not Available
PlayStation 4 Slim 1TB Console,,4.7 out of 5 stars,"15,733 ratings",Not Available
Sony Playstation PS4 1TB Black Console,,4.7 out of 5 stars,"1,525 ratings",Not Available
PlayStation®4 Console – Call of Duty® Modern Warfare II Bundle,,4.5 out of 5 stars,103 ratings,In Stock
Sony PlayStation 4 Pro 1TB Console - Black (PS4 Pro),,4.4 out of 5 stars,"4,138 ratings",Only 7 left in stock - order soon.
PlayStation 4 Slim 500GB Console [Discontinued],,4.6 out of 5 stars,"1,908 ratings",Only 17 left in stock - order soon.
PlayStation 4 Slim 1TB Limited Edition Console - Call of Duty WWII Bundle [Discontinued],,4.4 out of 5 stars,739 ratings,Only 5 left in stock - order soon.
PlayStation 4 500GB Console [Old Model][Discontinued],,4.6 out of 5 stars,"13,599 ratings",Only 1 left in stock - order soon.
Sony Playstation 4 Slim(CUH-2215B) 1TB Core with Starter Pack Bundle-(Jet Black),,3.9 out of 5 stars,30 ratings,Only 1 left in stock - order soon.
RPlay Play-Station 4 PS4 1TB Slim Edition Jet Black With 1 Wireless Controller,,4.4 out of 5 stars,64 ratings,Only 1 left in stock - order soon.
Sony PlayStation 4 Pro 1TB White (PS4),,4.3 out of 5 stars,936 ratings,Only 19 left in stock - order soon.
PlayStation 4 Slim 1TB Console,,4.6 out of 5 stars,5 ratings,Only 1 left in stock - order soon.
"Turtle Beach Stealth 700 Wireless Multiplatform Amplified Gaming Headset for PS5, PS4, PC, & Mobile – 60mm Speakers, A.I. Noise-Cancelling Mic, Bluetooth, 80-Hr Battery, Dual Transmitters – Black",,Previous page of related Sponsored Products,,"This item will be released on September 22, 2024."
"Turtle Beach Stealth 700 Wireless Multiplatform Amplified Gaming Headset for PS5, PS4, PC, & Mobile – 60mm Speakers, A.I. Noise-Cancelling Mic, Bluetooth, 80-Hr Battery, Dual Transmitters – White",,Previous page of related Sponsored Products,,"This item will be released on September 22, 2024."
